{
	"BUILD_DIR" : "F:/QtProject/build-TextCtler-Desktop_Qt_5_9_9_MinGW_32bit-Debug/TextCtler_autogen",
	"CMAKE_BINARY_DIR" : "F:/QtProject/build-TextCtler-Desktop_Qt_5_9_9_MinGW_32bit-Debug",
	"CMAKE_CURRENT_BINARY_DIR" : "F:/QtProject/build-TextCtler-Desktop_Qt_5_9_9_MinGW_32bit-Debug",
	"CMAKE_CURRENT_SOURCE_DIR" : "F:/QtProject/TextCtler",
	"CMAKE_EXECUTABLE" : "E:/Qt/Tools/CMake_64/bin/cmake.exe",
	"CMAKE_LIST_FILES" : 
	[
		"F:/QtProject/TextCtler/CMakeLists.txt",
		"E:/Qt/Tools/QtCreator/share/qtcreator/package-manager/auto-setup.cmake",
		"F:/QtProject/build-TextCtler-Desktop_Qt_5_9_9_MinGW_32bit-Debug/CMakeFiles/3.19.2/CMakeSystem.cmake",
		"E:/Qt/Tools/CMake_64/share/cmake-3.19/Modules/CMakeSystemSpecificInitialize.cmake",
		"F:/QtProject/build-TextCtler-Desktop_Qt_5_9_9_MinGW_32bit-Debug/CMakeFiles/3.19.2/CMakeCXXCompiler.cmake",
		"E:/Qt/Tools/CMake_64/share/cmake-3.19/Modules/CMakeSystemSpecificInformation.cmake",
		"E:/Qt/Tools/CMake_64/share/cmake-3.19/Modules/CMakeGenericSystem.cmake",
		"E:/Qt/Tools/CMake_64/share/cmake-3.19/Modules/CMakeInitializeConfigs.cmake",
		"E:/Qt/Tools/CMake_64/share/cmake-3.19/Modules/Platform/Windows.cmake",
		"E:/Qt/Tools/CMake_64/share/cmake-3.19/Modules/Platform/WindowsPaths.cmake",
		"E:/Qt/Tools/CMake_64/share/cmake-3.19/Modules/CMakeCXXInformation.cmake",
		"E:/Qt/Tools/CMake_64/share/cmake-3.19/Modules/CMakeLanguageInformation.cmake",
		"E:/Qt/Tools/CMake_64/share/cmake-3.19/Modules/Compiler/GNU-CXX.cmake",
		"E:/Qt/Tools/CMake_64/share/cmake-3.19/Modules/Compiler/GNU.cmake",
		"E:/Qt/Tools/CMake_64/share/cmake-3.19/Modules/Compiler/CMakeCommonCompilerMacros.cmake",
		"E:/Qt/Tools/CMake_64/share/cmake-3.19/Modules/Platform/Windows-GNU-CXX.cmake",
		"E:/Qt/Tools/CMake_64/share/cmake-3.19/Modules/Platform/Windows-GNU.cmake",
		"F:/QtProject/build-TextCtler-Desktop_Qt_5_9_9_MinGW_32bit-Debug/CMakeFiles/3.19.2/CMakeRCCompiler.cmake",
		"E:/Qt/Tools/CMake_64/share/cmake-3.19/Modules/CMakeRCInformation.cmake",
		"E:/Qt/Tools/CMake_64/share/cmake-3.19/Modules/Platform/Windows-windres.cmake",
		"E:/Qt/Tools/CMake_64/share/cmake-3.19/Modules/Platform/Windows-GNU-CXX-ABI.cmake",
		"E:/Qt/Tools/CMake_64/share/cmake-3.19/Modules/CMakeCommonLanguageInclude.cmake",
		"E:/Qt/5.9.9/mingw53_32/lib/cmake/Qt5/Qt5ConfigVersion.cmake",
		"E:/Qt/5.9.9/mingw53_32/lib/cmake/Qt5/Qt5Config.cmake",
		"E:/Qt/5.9.9/mingw53_32/lib/cmake/Qt5/Qt5ConfigVersion.cmake",
		"E:/Qt/5.9.9/mingw53_32/lib/cmake/Qt5/Qt5Config.cmake",
		"E:/Qt/5.9.9/mingw53_32/lib/cmake/Qt5/Qt5ModuleLocation.cmake",
		"E:/Qt/5.9.9/mingw53_32/lib/cmake/Qt5Widgets/Qt5WidgetsConfigVersion.cmake",
		"E:/Qt/5.9.9/mingw53_32/lib/cmake/Qt5Widgets/Qt5WidgetsConfig.cmake",
		"E:/Qt/5.9.9/mingw53_32/lib/cmake/Qt5Gui/Qt5GuiConfigVersion.cmake",
		"E:/Qt/5.9.9/mingw53_32/lib/cmake/Qt5Gui/Qt5GuiConfig.cmake",
		"E:/Qt/5.9.9/mingw53_32/lib/cmake/Qt5Core/Qt5CoreConfigVersion.cmake",
		"E:/Qt/5.9.9/mingw53_32/lib/cmake/Qt5Core/Qt5CoreConfig.cmake",
		"E:/Qt/5.9.9/mingw53_32/lib/cmake/Qt5Core/Qt5CoreConfigExtras.cmake",
		"E:/Qt/5.9.9/mingw53_32/lib/cmake/Qt5Core/Qt5CoreConfigExtrasMkspecDir.cmake",
		"E:/Qt/5.9.9/mingw53_32/lib/cmake/Qt5Core/Qt5CoreMacros.cmake",
		"E:/Qt/Tools/CMake_64/share/cmake-3.19/Modules/CMakeParseArguments.cmake",
		"E:/Qt/5.9.9/mingw53_32/lib/cmake/Qt5Gui/Qt5Gui_QGifPlugin.cmake",
		"E:/Qt/5.9.9/mingw53_32/lib/cmake/Qt5Gui/Qt5Gui_QICNSPlugin.cmake",
		"E:/Qt/5.9.9/mingw53_32/lib/cmake/Qt5Gui/Qt5Gui_QICOPlugin.cmake",
		"E:/Qt/5.9.9/mingw53_32/lib/cmake/Qt5Gui/Qt5Gui_QJpegPlugin.cmake",
		"E:/Qt/5.9.9/mingw53_32/lib/cmake/Qt5Gui/Qt5Gui_QMinimalIntegrationPlugin.cmake",
		"E:/Qt/5.9.9/mingw53_32/lib/cmake/Qt5Gui/Qt5Gui_QOffscreenIntegrationPlugin.cmake",
		"E:/Qt/5.9.9/mingw53_32/lib/cmake/Qt5Gui/Qt5Gui_QTgaPlugin.cmake",
		"E:/Qt/5.9.9/mingw53_32/lib/cmake/Qt5Gui/Qt5Gui_QTiffPlugin.cmake",
		"E:/Qt/5.9.9/mingw53_32/lib/cmake/Qt5Gui/Qt5Gui_QTuioTouchPlugin.cmake",
		"E:/Qt/5.9.9/mingw53_32/lib/cmake/Qt5Gui/Qt5Gui_QWbmpPlugin.cmake",
		"E:/Qt/5.9.9/mingw53_32/lib/cmake/Qt5Gui/Qt5Gui_QWebpPlugin.cmake",
		"E:/Qt/5.9.9/mingw53_32/lib/cmake/Qt5Gui/Qt5Gui_QWindowsIntegrationPlugin.cmake",
		"E:/Qt/5.9.9/mingw53_32/lib/cmake/Qt5Gui/Qt5GuiConfigExtras.cmake",
		"E:/Qt/5.9.9/mingw53_32/lib/cmake/Qt5Widgets/Qt5WidgetsConfigExtras.cmake",
		"E:/Qt/5.9.9/mingw53_32/lib/cmake/Qt5Widgets/Qt5WidgetsMacros.cmake",
		"E:/Qt/Tools/CMake_64/share/cmake-3.19/Modules/CMakeParseArguments.cmake"
	],
	"CMAKE_SOURCE_DIR" : "F:/QtProject/TextCtler",
	"DEP_FILE" : "",
	"DEP_FILE_RULE_NAME" : "",
	"HEADERS" : 
	[
		[
			"F:/QtProject/TextCtler/browser.h",
			"MU",
			"EWIEGA46WW/moc_browser.cpp"
		],
		[
			"F:/QtProject/TextCtler/buttontest.h",
			"MU",
			"EWIEGA46WW/moc_buttontest.cpp"
		],
		[
			"F:/QtProject/TextCtler/calendar.h",
			"MU",
			"EWIEGA46WW/moc_calendar.cpp"
		],
		[
			"F:/QtProject/TextCtler/getinfo.h",
			"MU",
			"EWIEGA46WW/moc_getinfo.cpp"
		],
		[ "F:/QtProject/TextCtler/mount.h", "MU", "EWIEGA46WW/moc_mount.cpp" ],
		[
			"F:/QtProject/TextCtler/textbook.h",
			"MU",
			"EWIEGA46WW/moc_textbook.cpp"
		],
		[ "F:/QtProject/TextCtler/widget.h", "MU", "EWIEGA46WW/moc_widget.cpp" ]
	],
	"HEADER_EXTENSIONS" : [ "h", "hh", "h++", "hm", "hpp", "hxx", "in", "txx" ],
	"INCLUDE_DIR" : "F:/QtProject/build-TextCtler-Desktop_Qt_5_9_9_MinGW_32bit-Debug/TextCtler_autogen/include",
	"MOC_COMPILATION_FILE" : "F:/QtProject/build-TextCtler-Desktop_Qt_5_9_9_MinGW_32bit-Debug/TextCtler_autogen/mocs_compilation.cpp",
	"MOC_DEFINITIONS" : [ "QT_CORE_LIB", "QT_GUI_LIB", "QT_WIDGETS_LIB" ],
	"MOC_DEPEND_FILTERS" : 
	[
		[
			"Q_PLUGIN_METADATA",
			"[\n][ \t]*Q_PLUGIN_METADATA[ \t]*\\([^\\)]*FILE[ \t]*\"([^\"]+)\""
		]
	],
	"MOC_INCLUDES" : 
	[
		"F:/QtProject/build-TextCtler-Desktop_Qt_5_9_9_MinGW_32bit-Debug",
		"F:/QtProject/TextCtler",
		"E:/Qt/5.9.9/mingw53_32/include",
		"E:/Qt/5.9.9/mingw53_32/include/QtWidgets",
		"E:/Qt/5.9.9/mingw53_32/include/QtGui",
		"E:/Qt/5.9.9/mingw53_32/include/QtANGLE",
		"E:/Qt/5.9.9/mingw53_32/include/QtCore",
		"E:/Qt/5.9.9/mingw53_32/mkspecs/win32-g++",
		"E:/Qt/Tools/mingw530_32/lib/gcc/i686-w64-mingw32/5.3.0/include",
		"E:/Qt/Tools/mingw530_32/lib/gcc/i686-w64-mingw32/5.3.0/include-fixed",
		"E:/Qt/Tools/mingw530_32/i686-w64-mingw32/include",
		"E:/Qt/Tools/mingw530_32/i686-w64-mingw32/include/c++",
		"E:/Qt/Tools/mingw530_32/i686-w64-mingw32/include/c++/i686-w64-mingw32",
		"E:/Qt/Tools/mingw530_32/i686-w64-mingw32/include/c++/backward"
	],
	"MOC_MACRO_NAMES" : [ "Q_OBJECT", "Q_GADGET", "Q_NAMESPACE", "Q_NAMESPACE_EXPORT" ],
	"MOC_OPTIONS" : [],
	"MOC_PATH_PREFIX" : false,
	"MOC_PREDEFS_CMD" : 
	[
		"E:/Qt/Tools/mingw530_32/bin/g++.exe",
		"-dM",
		"-E",
		"-c",
		"E:/Qt/Tools/CMake_64/share/cmake-3.19/Modules/CMakeCXXCompilerABI.cpp"
	],
	"MOC_PREDEFS_FILE" : "F:/QtProject/build-TextCtler-Desktop_Qt_5_9_9_MinGW_32bit-Debug/TextCtler_autogen/moc_predefs.h",
	"MOC_RELAXED_MODE" : false,
	"MOC_SKIP" : [],
	"MULTI_CONFIG" : false,
	"PARALLEL" : 2,
	"PARSE_CACHE_FILE" : "F:/QtProject/build-TextCtler-Desktop_Qt_5_9_9_MinGW_32bit-Debug/CMakeFiles/TextCtler_autogen.dir/ParseCache.txt",
	"QT_MOC_EXECUTABLE" : "E:/Qt/5.9.9/mingw53_32/bin/moc.exe",
	"QT_UIC_EXECUTABLE" : "E:/Qt/5.9.9/mingw53_32/bin/uic.exe",
	"QT_VERSION_MAJOR" : 5,
	"QT_VERSION_MINOR" : 9,
	"SETTINGS_FILE" : "F:/QtProject/build-TextCtler-Desktop_Qt_5_9_9_MinGW_32bit-Debug/CMakeFiles/TextCtler_autogen.dir/AutogenUsed.txt",
	"SOURCES" : 
	[
		[ "F:/QtProject/TextCtler/browser.cpp", "MU" ],
		[ "F:/QtProject/TextCtler/buttontest.cpp", "MU" ],
		[ "F:/QtProject/TextCtler/calendar.cpp", "MU" ],
		[ "F:/QtProject/TextCtler/getinfo.cpp", "MU" ],
		[ "F:/QtProject/TextCtler/main.cpp", "MU" ],
		[ "F:/QtProject/TextCtler/mount.cpp", "MU" ],
		[ "F:/QtProject/TextCtler/textbook.cpp", "MU" ],
		[ "F:/QtProject/TextCtler/widget.cpp", "MU" ]
	],
	"UIC_OPTIONS" : [],
	"UIC_SEARCH_PATHS" : [],
	"UIC_SKIP" : [],
	"UIC_UI_FILES" : [],
	"VERBOSITY" : 0
}
